{
  "type": "minecraft:crafting_shaped",
  "category": "equipment",
  "pattern": [
    "0 2",
    "3 5"
  ],
  "key": {
    "0": {
      "item": "hardened_iron_mod:hardened_iron_ingot"
    },
    "2": {
      "item": "hardened_iron_mod:hardened_iron_ingot"
    },
    "3": {
      "item": "hardened_iron_mod:hardened_iron_ingot"
    },
    "5": {
      "item": "hardened_iron_mod:hardened_iron_ingot"
    }
  },
  "result": {
    "item": "hardened_iron_mod:hardened_iron_armor_boots",
    "count": 1
  }
}